name,email,phone,company,title,industry,city,state,country,timezone
Megan Hill,megan.hill@scidirect.com,+14155550101,Sci direct,Senior marketing,Healthcare,New York,NY,USA,America/New_York
Derek Sim,dereks@thewellness.com,+14155550102,The wellness,Senior consultant,Wellness,New York,NY,USA,America/New_York
Eric Fraga,efraga@relatedross.com,+14155550103,Related ross,Senior associate,Real Estate,New York,NY,USA,America/New_York
Andrew Va,andrew.va@atlanticcoast.com,+14155550104,Atlantic coast auto,Senior network,Automotive,New York,NY,USA,America/New_York
Glenn Lam,glenn.lam@technisource.com,+14155550105,Technisource,Consultant,IT Services,New York,NY,USA,America/New_York
Hale Johns,hjohnson@relatedross.com,+14155550106,Related ross,Senior developer,Real Estate,New York,NY,USA,America/New_York
Rolin Dami,rolin.dami@atlanticcoast.com,+14155550107,Atlantic coast auto,Senior network,Automotive,New York,NY,USA,America/New_York
Diana Cort,diana.cort@daltile.com,+14155550108,Daltile,Architect,Manufacturing,New York,NY,USA,America/New_York
Spencer P,spreston@relatedross.com,+14155550109,Related ross,Associate,Real Estate,New York,NY,USA,America/New_York
Ana Lucia,anaz@twc.com,+14155550110,The wellness,Executive assistant,Wellness,New York,NY,USA,America/New_York
Rebecca C,rcrane@relatedross.com,+14155550111,Related ross,Analyst,Real Estate,New York,NY,USA,America/New_York
Braxton Ne,bnesmith@valuetainment.com,+14155550112,Valuetainment,Customer success,Media,Miami,FL,USA,America/New_York
Maggie Sny,msnyder@valuetainment.com,+14155550113,Valuetainment,Human resources,Media,Miami,FL,USA,America/New_York
Matthew M,matthew.m@scidirect.com,+14155550114,Sci direct,Salesforce admin,Healthcare,New York,NY,USA,America/New_York
Sean Wald,sean.wald@loewshotels.com,+14155550115,Loews hotels,Social media,Hospitality,Orlando,FL,USA,America/New_York
Presley Lou,presley.lou@scidirect.com,+14155550116,Sci direct,Senior financial,Healthcare,New York,NY,USA,America/New_York
Stephan Cl,scheung@relatedross.com,+14155550117,Related ross,Administrator,Real Estate,New York,NY,USA,America/New_York
Connor Wa,cwalcott@valuetainment.com,+14155550118,Valuetainment,Writer,Media,Miami,FL,USA,America/New_York
Brianna Dc,briannad@thewellness.com,+14155550119,The wellness,Graphic designer,Wellness,New York,NY,USA,America/New_York
Evens Rapl,eraphael@valuetainment.com,+14155550120,Valuetainment,Business consultant,Media,Miami,FL,USA,America/New_York
Katherine,katiet@thewellness.com,+14155550121,The wellness,Marketing,Wellness,New York,NY,USA,America/New_York
Syed Quad,squadri@technisource.com,+14155550122,Technisource,Consultant,IT Services,New York,NY,USA,America/New_York
Elcain,elcain.cha@scidirect.com,+14155550123,Sci direct,Pre-need advisor,Healthcare,New York,NY,USA,America/New_York
Mike Wilso,mike.wilso@technisource.com,+14155550124,Technisource,Systems programmer,IT Services,New York,NY,USA,America/New_York
Omar Sede,omar.sede@scidirect.com,+14155550125,Sci direct,Embalmer,Healthcare,New York,NY,USA,America/New_York
Tony Naem,tnaemi@valuetainment.com,+14155550126,Valuetainment,Talent coordinator,Media,Miami,FL,USA,America/New_York
Rachel Vin,vinod@loewshotels.com,+14155550127,Loews hotels,Front desk agent,Hospitality,Orlando,FL,USA,America/New_York
I Am Pho3r,iundefined@loewshotels.com,+14155550128,Loews hotels,Retail attendant,Hospitality,Orlando,FL,USA,America/New_York
Tita Martin,tmartinez@loewshotels.com,+14155550129,Loews hotels,Housekeeping,Hospitality,Orlando,FL,USA,America/New_York
Jose Jusinc,jjusino@loewshotels.com,+14155550130,Loews hotels,Lifeguard,Hospitality,Orlando,FL,USA,America/New_York
