"lead_id","company_name","company_group","website","email","country","city","lead_type","product","status","applications","notes","product_source_url","contact_source_url","research_date"
"MTR-TEST-001","Clariant","Clariant","https://www.clariant.com","","Germany","Munich","Supplier","Bentonite","New Lead","Foundry; drilling; civil engineering; feed","Bentonite producer. Confirm suitable sodium grades, powder/granules, MOQ and CIF Antwerp quotation. Email not verified.","https://www.clariant.com/en/Business-Units/Additives-and-Adsorbents/Bentonite","https://www.clariant.com/en/Business-Units/Additives-and-Adsorbents/Adsorbents-and-desiccants","2026-10-07"
"MTR-TEST-002","Tolsa Nederland BV","Tolsa","https://tolsa.com","","Netherlands","Vlaardingen","Supplier","Bentonite","New Lead","Foundry; feed additives","Netherlands factory and office. Application range is group-level; confirm local grade availability. Email not verified.","https://tolsa.com/our-solutions/solution/industrial-solutions/foundry/","https://tolsa.com/contact/","2026-10-07"
"MTR-TEST-003","Imerys","Imerys","https://www.imerys.com","","France","","Supplier","Bentonite","New Lead","Industrial minerals; bentonite","Potential supplier from previous competitor study. Confirm correct European bentonite sales entity and available grades. Email not verified.","https://stage.cdx.imerys.com/public/2024-03/Imerys_DEU_2023_EN_26_mars_2024_.pdf","https://emili.imerys.com/en/who-is-imerys","2026-10-07"
"MTR-TEST-004","Laviosa France SAS","Laviosa","https://www.laviosa.com","laviosa.france@laviosa.com","France","Etrechy","Supplier","Bentonite","New Lead","Foundry; drilling; environmental sealing; feed","French group contact. Product range is group-level; confirm locally available sodium bentonite powder and granules.","https://www.laviosa.com/en/performance-minerals/","https://www.laviosa.com/en/contacts/","2026-10-07"
"MTR-TEST-005","LKAB Minerals UK Ltd","LKAB","https://www.lkabminerals.com","uk@lkabminerals.com","United Kingdom","Derby","Supplier","Bentonite","New Lead","Foundry; construction; drilling; pelletising","Offers natural sodium and activated calcium bentonite. Confirm suitable grades, packaging, MOQ and export quotation.","https://www.lkabminerals.com/product-application/foundry-sands-and-binders/","https://www.lkabminerals.com/wp-content/uploads/2026/04/Supply-Chain-Update-and-Potential-Pricing-Impacts-26.04.07-UK.pdf","2026-10-07"
"MTR-TEST-006","Cebo Holland BV","Cebo","https://www.cebo.com","info@cebo.com","Netherlands","IJmuiden","Supplier","Bentonite","New Lead","HDD; drilling; microtunnelling; civil engineering","Supplier of CEBOGEL bentonite. Same group as Cebo UK record; coordinate outreach at group level.","https://www.cebo.com/minerals/bentonite/","https://www.cebo.com/nl/contact/","2026-10-07"
"MTR-TEST-007","Cebo UK Ltd","Cebo","https://www.cebo.com","info@cebo-uk.com","United Kingdom","Portlethen","Supplier","Bentonite","New Lead","Drilling; oil and gas; geothermal","UK supply office. Same group as Cebo Holland record; separate office for import and duplicate-handling tests.","https://www.cebo.com/our-solutions/energy/","https://www.cebo.com/nl/contact/","2026-10-07"
"MTR-TEST-008","Sibelco - Maastricht","Sibelco","https://www.sibelco.com","customersupport.nl@sibelco.com","Netherlands","Maastricht","Supplier","Bentonite","New Lead","Ceramics; construction; coatings; agriculture","Site lists bentonite. Sodium type, forms and suitability for MineTech applications remain to be confirmed.","https://www.sibelco.com/en/sites/maastricht","https://www.sibelco.com/en/country/netherlands","2026-10-07"
"MTR-TEST-009","Vermeer Benelux","Vermeer Benelux","https://www.vermeer-benelux.com","nederland@vermeer-benelux.com","Netherlands","Goes","Supplier","Bentonite","New Lead","HDD; drilling","Distributor of Baroid drilling products including Tunnel-Gel Plus and Cebogel OCMA. Confirm wholesale/resale terms; not identified as a mineral producer.","https://www.vermeer-benelux.com/en/hdd-drilling/bentonite/","https://www.vermeer-benelux.com/en/contact/","2026-10-07"
"MTR-TEST-010","Gebroeders Leemans","Gebroeders Leemans","https://www.gebroedersleemans.be","info@gebroedersleemans.be","Belgium","","Supplier","Bentonite","New Lead","HDD; microtunnelling; vertical drilling","Distributor listing sodium-activated Barogel and Cebogel. Confirm wholesale/resale terms and granular availability.","https://www.gebroedersleemans.be/bentoniet","https://www.gebroedersleemans.be/bentoniet","2026-10-07"
